Name in documentation	Category	Qty	Full Name	Notes
Heat insert	mechanics	2	Heat inserts	
Lead screw	mechanics	1	Threaded Rod	
Lead screw nut	mechanics	1	Lead Screw Nut	
Linear bearing	mechanics	2	Linear Bearing	
Linear motion rod 100mm	mechanics	2		
M2.5 hex key	tool	1		
M3 10mm screw	mechanics	2		
M3 16mm screw	mechanics	6		
M3 20mm screw	mechanics	6		
M3 hex key	tool	1		
M3 nut	mechanics	9		
Motor coupling	mechanics	1	Motor Coupling	
NEMA 17 motor	electronics	1	Stepper Motor Nema 17	
PLA filament	material	205 g		Of any colour you want
Precision wire cutter	tool	1		
RepRap-style printer	tool	1		
Soldering iron	tool	1		
Utility knife	tool	1		Not a scalpel!
